<?xml version="1.0"?>
<cena version="0.5.2"><result judgetime="39624.504333044"><problem title="num" filename="num\num.exe" status="1" hash="1633111952"><testcase status="3" exitcode="1" detail="" time="1.046875" memory="-1" score="0"/><testcase status="3" exitcode="1" detail="" time="1.078125" memory="-1" score="0"/><testcase status="3" exitcode="1" detail="" time="1.046875" memory="-1" score="0"/><testcase status="3" exitcode="1" detail="" time="1.109375" memory="-1" score="0"/><testcase status="3" exitcode="1" detail="" time="1.046875" memory="-1" score="0"/><testcase status="3" exitcode="1" detail="" time="1.0625" memory="-1" score="0"/><testcase status="3" exitcode="1" detail="" time="1.0625" memory="-1" score="0"/><testcase status="3" exitcode="1" detail="" time="1.0625" memory="-1" score="0"/><testcase status="3" exitcode="1" detail="" time="1.265625" memory="-1" score="0"/><testcase status="3" exitcode="1" detail="" time="1.046875" memory="-1" score="0"/></problem><problem title="land" filename="land\land.exe" status="1" hash="2260375044"><testcase status="3" exitcode="1" detail="" time="1.03125" memory="-1" score="0"/><testcase status="3" exitcode="1" detail="" time="1.046875" memory="-1" score="0"/><testcase status="3" exitcode="1" detail="" time="1.0625" memory="-1" score="0"/><testcase status="3" exitcode="1" detail="" time="1.078125" memory="-1" score="0"/><testcase status="3" exitcode="1" detail="" time="1.0625" memory="-1" score="0"/><testcase status="3" exitcode="1" detail="" time="1.03125" memory="-1" score="0"/><testcase status="3" exitcode="1" detail="" time="1.046875" memory="-1" score="0"/><testcase status="3" exitcode="1" detail="" time="1.03125" memory="-1" score="0"/><testcase status="3" exitcode="1" detail="" time="1.0625" memory="-1" score="0"/><testcase status="3" exitcode="1" detail="" time="1.046875" memory="-1" score="0"/></problem><problem title="reward" filename="reward\reward.exe" status="1" hash="4005715873"><testcase status="3" exitcode="1" detail="" time="1.09375" memory="-1" score="0"/><testcase status="3" exitcode="1" detail="" time="1.078125" memory="-1" score="0"/><testcase status="3" exitcode="1" detail="" time="1.015625" memory="-1" score="0"/><testcase status="3" exitcode="1" detail="" time="1.015625" memory="-1" score="0"/><testcase status="3" exitcode="1" detail="" time="1.03125" memory="-1" score="0"/></problem><problem title="work" filename="work\work.exe" status="1" hash="3141701854"><testcase status="8" exitcode="0" detail="&#x5728;&#x7B2C; 1 &#x884C;:&#13;&#10;----&#x9009;&#x624B;&#x8F93;&#x51FA;&#x7684;&#x7B2C; 1 &#x5217;----&#13;&#10;&gt;43&#13;&#10;----&#x6807;&#x51C6;&#x8F93;&#x51FA;&#x7684;&#x7B2C; 1 &#x5217;----&#13;&#10;&gt;832" time="0.06" memory="-1" score="0"/><testcase status="8" exitcode="0" detail="&#x5728;&#x7B2C; 1 &#x884C;:&#13;&#10;----&#x9009;&#x624B;&#x8F93;&#x51FA;&#x7684;&#x7B2C; 1 &#x5217;----&#13;&#10;&gt;0&#13;&#10;----&#x6807;&#x51C6;&#x8F93;&#x51FA;&#x7684;&#x7B2C; 1 &#x5217;----&#13;&#10;&gt;15" time="0.03" memory="-1" score="0"/><testcase status="8" exitcode="0" detail="&#x5728;&#x7B2C; 1 &#x884C;:&#13;&#10;----&#x9009;&#x624B;&#x8F93;&#x51FA;&#x7684;&#x7B2C; 1 &#x5217;----&#13;&#10;&gt;0&#13;&#10;----&#x6807;&#x51C6;&#x8F93;&#x51FA;&#x7684;&#x7B2C; 1 &#x5217;----&#13;&#10;&gt;45" time="0.03" memory="-1" score="0"/><testcase status="7" exitcode="0" detail="" time="0.03" memory="-1" score="10"/><testcase status="8" exitcode="0" detail="&#x5728;&#x7B2C; 1 &#x884C;:&#13;&#10;----&#x9009;&#x624B;&#x8F93;&#x51FA;&#x7684;&#x7B2C; 1 &#x5217;----&#13;&#10;&gt;0&#13;&#10;----&#x6807;&#x51C6;&#x8F93;&#x51FA;&#x7684;&#x7B2C; 1 &#x5217;----&#13;&#10;&gt;172" time="0.06" memory="-1" score="0"/><testcase status="8" exitcode="0" detail="&#x5728;&#x7B2C; 1 &#x884C;:&#13;&#10;----&#x9009;&#x624B;&#x8F93;&#x51FA;&#x7684;&#x7B2C; 1 &#x5217;----&#13;&#10;&gt;0&#13;&#10;----&#x6807;&#x51C6;&#x8F93;&#x51FA;&#x7684;&#x7B2C; 1 &#x5217;----&#13;&#10;&gt;203" time="0.04" memory="-1" score="0"/><testcase status="8" exitcode="0" detail="&#x5728;&#x7B2C; 1 &#x884C;:&#13;&#10;----&#x9009;&#x624B;&#x8F93;&#x51FA;&#x7684;&#x7B2C; 2 &#x5217;----&#13;&#10;&gt;...37&#13;&#10;----&#x6807;&#x51C6;&#x8F93;&#x51FA;&#x7684;&#x7B2C; 2 &#x5217;----&#13;&#10;&gt;...09" time="0.03" memory="-1" score="0"/><testcase status="8" exitcode="0" detail="&#x5728;&#x7B2C; 1 &#x884C;:&#13;&#10;----&#x9009;&#x624B;&#x8F93;&#x51FA;&#x7684;&#x7B2C; 1 &#x5217;----&#13;&#10;&gt;0&#13;&#10;----&#x6807;&#x51C6;&#x8F93;&#x51FA;&#x7684;&#x7B2C; 1 &#x5217;----&#13;&#10;&gt;812" time="0.06" memory="-1" score="0"/><testcase status="8" exitcode="0" detail="&#x5728;&#x7B2C; 1 &#x884C;:&#13;&#10;----&#x9009;&#x624B;&#x8F93;&#x51FA;&#x7684;&#x7B2C; 1 &#x5217;----&#13;&#10;&gt;40&#13;&#10;----&#x6807;&#x51C6;&#x8F93;&#x51FA;&#x7684;&#x7B2C; 1 &#x5217;----&#13;&#10;&gt;817" time="0.09" memory="-1" score="0"/><testcase status="8" exitcode="0" detail="&#x5728;&#x7B2C; 1 &#x884C;:&#13;&#10;----&#x9009;&#x624B;&#x8F93;&#x51FA;&#x7684;&#x7B2C; 1 &#x5217;----&#13;&#10;&gt;43&#13;&#10;----&#x6807;&#x51C6;&#x8F93;&#x51FA;&#x7684;&#x7B2C; 1 &#x5217;----&#13;&#10;&gt;859" time="0.07" memory="-1" score="0"/></problem></result></cena>
