<?xml version="1.0"?>
<cena version="0.6.3"><result judgetime="40313.4917471412"><problem title="minnum" filename="minnum\minnum.exe" status="1" hash="2984792689" detail=""><testcase status="7" exitcode="0" detail="" time="0.03" memory="-1" score="10"/><testcase status="7" exitcode="0" detail="" time="0.01" memory="-1" score="10"/><testcase status="7" exitcode="0" detail="" time="0.03" memory="-1" score="10"/><testcase status="7" exitcode="0" detail="" time="0.01" memory="-1" score="10"/><testcase status="7" exitcode="0" detail="" time="0" memory="-1" score="10"/><testcase status="7" exitcode="0" detail="" time="0.01" memory="-1" score="10"/><testcase status="7" exitcode="0" detail="" time="0.01" memory="-1" score="10"/><testcase status="7" exitcode="0" detail="" time="0.03" memory="-1" score="10"/><testcase status="7" exitcode="0" detail="" time="0.01" memory="-1" score="10"/><testcase status="7" exitcode="0" detail="" time="0.04" memory="-1" score="10"/></problem><problem title="sort" filename="sort\sort.exe" status="1" hash="1237315405" detail=""><testcase status="7" exitcode="0" detail="" time="0.03" memory="-1" score="10"/><testcase status="7" exitcode="0" detail="" time="0.01" memory="-1" score="10"/><testcase status="7" exitcode="0" detail="" time="0.01" memory="-1" score="10"/><testcase status="7" exitcode="0" detail="" time="0.04" memory="-1" score="10"/><testcase status="7" exitcode="0" detail="" time="0.03" memory="-1" score="10"/><testcase status="7" exitcode="0" detail="" time="0" memory="-1" score="10"/><testcase status="7" exitcode="0" detail="" time="0.03" memory="-1" score="10"/><testcase status="7" exitcode="0" detail="" time="0.01" memory="-1" score="10"/><testcase status="7" exitcode="0" detail="" time="0.03" memory="-1" score="10"/><testcase status="7" exitcode="0" detail="" time="0" memory="-1" score="10"/></problem><problem title="snake" filename="snake\snake.exe" status="1" hash="670744709" detail=""><testcase status="7" exitcode="0" detail="" time="0" memory="-1" score="10"/><testcase status="7" exitcode="0" detail="" time="0.03" memory="-1" score="10"/><testcase status="7" exitcode="0" detail="" time="0.01" memory="-1" score="10"/><testcase status="7" exitcode="0" detail="" time="0.03" memory="-1" score="10"/><testcase status="7" exitcode="0" detail="" time="0" memory="-1" score="10"/><testcase status="7" exitcode="0" detail="" time="0.03" memory="-1" score="10"/><testcase status="7" exitcode="0" detail="" time="0.01" memory="-1" score="10"/><testcase status="7" exitcode="0" detail="" time="0.01" memory="-1" score="10"/><testcase status="7" exitcode="0" detail="" time="0.04" memory="-1" score="10"/><testcase status="7" exitcode="0" detail="" time="0.03" memory="-1" score="10"/></problem><problem title="stamps" filename="stamps\stamps.exe" status="1" hash="209599004" detail=""><testcase status="7" exitcode="0" detail="" time="0.01" memory="-1" score="10"/><testcase status="7" exitcode="0" detail="" time="0.01" memory="-1" score="10"/><testcase status="7" exitcode="0" detail="" time="0.03" memory="-1" score="10"/><testcase status="3" exitcode="1" detail="" time="1.09" memory="-1" score="0"/><testcase status="3" exitcode="1" detail="" time="1.07" memory="-1" score="0"/><testcase status="3" exitcode="1" detail="" time="1.07" memory="-1" score="0"/><testcase status="7" exitcode="0" detail="" time="0.07" memory="-1" score="10"/><testcase status="3" exitcode="1" detail="" time="1.09" memory="-1" score="0"/><testcase status="3" exitcode="1" detail="" time="1.09" memory="-1" score="0"/><testcase status="3" exitcode="1" detail="" time="1.07" memory="-1" score="0"/></problem></result></cena>
