<?xml version="1.0"?>
<cena version="0.5.2"><result judgetime="40313.4733478009"><problem title="minnum" filename="minnum\minnum.pas" status="1" hash="2737684525"><testcase status="7" exitcode="0" detail="" time="0.01" memory="492" score="10"/><testcase status="7" exitcode="0" detail="" time="0.01" memory="492" score="10"/><testcase status="7" exitcode="0" detail="" time="0.01" memory="492" score="10"/><testcase status="7" exitcode="0" detail="" time="0.01" memory="492" score="10"/><testcase status="7" exitcode="0" detail="" time="0.01" memory="492" score="10"/><testcase status="7" exitcode="0" detail="" time="0.01" memory="492" score="10"/><testcase status="7" exitcode="0" detail="" time="0.01" memory="492" score="10"/><testcase status="7" exitcode="0" detail="" time="0.01" memory="492" score="10"/><testcase status="7" exitcode="0" detail="" time="0.01" memory="492" score="10"/><testcase status="7" exitcode="0" detail="" time="0.03" memory="492" score="10"/></problem><problem title="sort" filename="sort\sort.pas" status="1" hash="2000607013"><testcase status="7" exitcode="0" detail="" time="0.01" memory="496" score="10"/><testcase status="7" exitcode="0" detail="" time="0.01" memory="496" score="10"/><testcase status="7" exitcode="0" detail="" time="0.01" memory="496" score="10"/><testcase status="7" exitcode="0" detail="" time="0.01" memory="496" score="10"/><testcase status="7" exitcode="0" detail="" time="0.01" memory="496" score="10"/><testcase status="7" exitcode="0" detail="" time="0.01" memory="496" score="10"/><testcase status="7" exitcode="0" detail="" time="0.01" memory="496" score="10"/><testcase status="7" exitcode="0" detail="" time="0.01" memory="496" score="10"/><testcase status="7" exitcode="0" detail="" time="0.01" memory="496" score="10"/><testcase status="7" exitcode="0" detail="" time="0.01" memory="496" score="10"/></problem><problem title="snake" filename="snake\snake.pas" status="1" hash="2541231211"><testcase status="7" exitcode="0" detail="" time="0.03" memory="512" score="10"/><testcase status="7" exitcode="0" detail="" time="0.01" memory="512" score="10"/><testcase status="7" exitcode="0" detail="" time="0.01" memory="512" score="10"/><testcase status="7" exitcode="0" detail="" time="0.01" memory="512" score="10"/><testcase status="7" exitcode="0" detail="" time="0.01" memory="512" score="10"/><testcase status="7" exitcode="0" detail="" time="0.01" memory="512" score="10"/><testcase status="7" exitcode="0" detail="" time="0.01" memory="512" score="10"/><testcase status="7" exitcode="0" detail="" time="0.01" memory="512" score="10"/><testcase status="7" exitcode="0" detail="" time="0.01" memory="512" score="10"/><testcase status="7" exitcode="0" detail="" time="0.01" memory="512" score="10"/></problem><problem title="stamps" filename="stamps\stamps.pas" status="1" hash="1780930809"><testcase status="7" exitcode="0" detail="" time="0.01" memory="556" score="10"/><testcase status="7" exitcode="0" detail="" time="0.01" memory="556" score="10"/><testcase status="7" exitcode="0" detail="" time="0.01" memory="556" score="10"/><testcase status="7" exitcode="0" detail="" time="0.01" memory="556" score="10"/><testcase status="7" exitcode="0" detail="" time="0.03" memory="556" score="10"/><testcase status="7" exitcode="0" detail="" time="0.01" memory="556" score="10"/><testcase status="7" exitcode="0" detail="" time="0.01" memory="556" score="10"/><testcase status="7" exitcode="0" detail="" time="0.01" memory="556" score="10"/><testcase status="7" exitcode="0" detail="" time="0.01" memory="556" score="10"/><testcase status="7" exitcode="0" detail="" time="0.01" memory="556" score="10"/></problem></result></cena>
