<?xml version="1.0"?>
<cena version="0.5.2"><result judgetime="39624.5019903704"><problem title="num" filename="num\num.exe" status="1" hash="3777725123"><testcase status="7" exitcode="0" detail="" time="0.01" memory="2264" score="10"/><testcase status="7" exitcode="0" detail="" time="0.03" memory="2264" score="10"/><testcase status="7" exitcode="0" detail="" time="0.03" memory="2264" score="10"/><testcase status="7" exitcode="0" detail="" time="0.01" memory="2264" score="10"/><testcase status="7" exitcode="0" detail="" time="0.01" memory="2264" score="10"/><testcase status="7" exitcode="0" detail="" time="0.01" memory="2264" score="10"/><testcase status="7" exitcode="0" detail="" time="0.01" memory="2264" score="10"/><testcase status="7" exitcode="0" detail="" time="0.01" memory="2264" score="10"/><testcase status="7" exitcode="0" detail="" time="0.03" memory="2264" score="10"/><testcase status="7" exitcode="0" detail="" time="0.01" memory="2264" score="10"/></problem><problem title="land" filename="land\land.exe" status="1" hash="3808906025"><testcase status="7" exitcode="0" detail="" time="0.01" memory="2264" score="10"/><testcase status="7" exitcode="0" detail="" time="0.03" memory="2264" score="10"/><testcase status="7" exitcode="0" detail="" time="0.01" memory="2264" score="10"/><testcase status="7" exitcode="0" detail="" time="0.01" memory="2264" score="10"/><testcase status="8" exitcode="215" detail="&#x6807;&#x51C6;&#x8F93;&#x51FA;&#x6BD4;&#x9009;&#x624B;&#x8F93;&#x51FA;&#x957F;&#x3002;" time="0.01" memory="2264" score="0"/><testcase status="8" exitcode="215" detail="&#x6807;&#x51C6;&#x8F93;&#x51FA;&#x6BD4;&#x9009;&#x624B;&#x8F93;&#x51FA;&#x957F;&#x3002;" time="0.01" memory="2264" score="0"/><testcase status="8" exitcode="215" detail="&#x6807;&#x51C6;&#x8F93;&#x51FA;&#x6BD4;&#x9009;&#x624B;&#x8F93;&#x51FA;&#x957F;&#x3002;" time="0.01" memory="2264" score="0"/><testcase status="8" exitcode="215" detail="&#x6807;&#x51C6;&#x8F93;&#x51FA;&#x6BD4;&#x9009;&#x624B;&#x8F93;&#x51FA;&#x957F;&#x3002;" time="0.03" memory="2264" score="0"/><testcase status="8" exitcode="215" detail="&#x6807;&#x51C6;&#x8F93;&#x51FA;&#x6BD4;&#x9009;&#x624B;&#x8F93;&#x51FA;&#x957F;&#x3002;" time="0.01" memory="2264" score="0"/><testcase status="8" exitcode="215" detail="&#x6807;&#x51C6;&#x8F93;&#x51FA;&#x6BD4;&#x9009;&#x624B;&#x8F93;&#x51FA;&#x957F;&#x3002;" time="0.03" memory="2264" score="0"/></problem><problem title="reward" filename="reward\reward.exe" status="1" hash="2338725909"><testcase status="8" exitcode="0" detail="&#x6807;&#x51C6;&#x8F93;&#x51FA;&#x6BD4;&#x9009;&#x624B;&#x8F93;&#x51FA;&#x957F;&#x3002;" time="0.01" memory="2380" score="0"/><testcase status="8" exitcode="0" detail="&#x6807;&#x51C6;&#x8F93;&#x51FA;&#x6BD4;&#x9009;&#x624B;&#x8F93;&#x51FA;&#x957F;&#x3002;" time="0.01" memory="2380" score="0"/><testcase status="8" exitcode="0" detail="&#x6807;&#x51C6;&#x8F93;&#x51FA;&#x6BD4;&#x9009;&#x624B;&#x8F93;&#x51FA;&#x957F;&#x3002;" time="0.01" memory="2380" score="0"/><testcase status="8" exitcode="0" detail="&#x6807;&#x51C6;&#x8F93;&#x51FA;&#x6BD4;&#x9009;&#x624B;&#x8F93;&#x51FA;&#x957F;&#x3002;" time="0.01" memory="2380" score="0"/><testcase status="8" exitcode="0" detail="&#x5728;&#x7B2C; 1 &#x884C;:&#13;&#10;----&#x9009;&#x624B;&#x8F93;&#x51FA;&#x7684;&#x7B2C; 3 &#x5217;----&#13;&#10;&gt;...12127&#13;&#10;----&#x6807;&#x51C6;&#x8F93;&#x51FA;&#x7684;&#x7B2C; 3 &#x5217;----&#13;&#10;&gt;...27014" time="0.03" memory="2380" score="0"/></problem><problem title="work" filename="" status="14" hash="0"><testcase status="14" exitcode="0" detail="" time="0" memory="0" score="0"/><testcase status="14" exitcode="0" detail="" time="0" memory="0" score="0"/><testcase status="14" exitcode="0" detail="" time="0" memory="0" score="0"/><testcase status="14" exitcode="0" detail="" time="0" memory="0" score="0"/><testcase status="14" exitcode="0" detail="" time="0" memory="0" score="0"/><testcase status="14" exitcode="0" detail="" time="0" memory="0" score="0"/><testcase status="14" exitcode="0" detail="" time="0" memory="0" score="0"/><testcase status="14" exitcode="0" detail="" time="0" memory="0" score="0"/><testcase status="14" exitcode="0" detail="" time="0" memory="0" score="0"/><testcase status="14" exitcode="0" detail="" time="0" memory="0" score="0"/></problem></result></cena>
