<?xml version="1.0"?>
<cena version="0.5.2"><result judgetime="39624.5016628588"><problem title="num" filename="num\num.exe" status="1" hash="1455122336"><testcase status="7" exitcode="0" detail="" time="0.01" memory="480" score="10"/><testcase status="7" exitcode="0" detail="" time="0.03" memory="480" score="10"/><testcase status="7" exitcode="0" detail="" time="0.03" memory="480" score="10"/><testcase status="7" exitcode="0" detail="" time="0.01" memory="480" score="10"/><testcase status="7" exitcode="0" detail="" time="0.01" memory="480" score="10"/><testcase status="7" exitcode="0" detail="" time="0.01" memory="480" score="10"/><testcase status="7" exitcode="0" detail="" time="0.01" memory="480" score="10"/><testcase status="7" exitcode="0" detail="" time="0.03" memory="480" score="10"/><testcase status="7" exitcode="0" detail="" time="0.01" memory="480" score="10"/><testcase status="7" exitcode="0" detail="" time="0.01" memory="480" score="10"/></problem><problem title="land" filename="land\land.exe" status="1" hash="786124100"><testcase status="7" exitcode="0" detail="" time="0.03" memory="480" score="10"/><testcase status="7" exitcode="0" detail="" time="0.01" memory="480" score="10"/><testcase status="7" exitcode="0" detail="" time="0.01" memory="480" score="10"/><testcase status="7" exitcode="0" detail="" time="0.01" memory="480" score="10"/><testcase status="7" exitcode="0" detail="" time="0.01" memory="480" score="10"/><testcase status="7" exitcode="0" detail="" time="0.04" memory="480" score="10"/><testcase status="7" exitcode="0" detail="" time="0.07" memory="480" score="10"/><testcase status="7" exitcode="0" detail="" time="0.03" memory="480" score="10"/><testcase status="7" exitcode="0" detail="" time="0.03" memory="480" score="10"/><testcase status="7" exitcode="0" detail="" time="0.04" memory="480" score="10"/></problem><problem title="reward" filename="reward\reward.exe" status="1" hash="1539854725"><testcase status="7" exitcode="0" detail="" time="0.01" memory="684" score="20"/><testcase status="8" exitcode="0" detail="&#x5728;&#x7B2C; 1 &#x884C;:&#13;&#10;----&#x9009;&#x624B;&#x8F93;&#x51FA;&#x7684;&#x7B2C; 3 &#x5217;----&#13;&#10;&gt;...380&#13;&#10;----&#x6807;&#x51C6;&#x8F93;&#x51FA;&#x7684;&#x7B2C; 3 &#x5217;----&#13;&#10;&gt;...472" time="0.01" memory="684" score="0"/><testcase status="3" exitcode="0" detail="" time="1.06" memory="684" score="0"/><testcase status="8" exitcode="0" detail="&#x5728;&#x7B2C; 1 &#x884C;:&#13;&#10;----&#x9009;&#x624B;&#x8F93;&#x51FA;&#x7684;&#x7B2C; 4 &#x5217;----&#13;&#10;&gt;...013&#13;&#10;----&#x6807;&#x51C6;&#x8F93;&#x51FA;&#x7684;&#x7B2C; 4 &#x5217;----&#13;&#10;&gt;...655" time="0.82" memory="684" score="0"/><testcase status="3" exitcode="1" detail="" time="1.09375" memory="684" score="0"/></problem><problem title="work" filename="work\work.exe" status="1" hash="358757396"><testcase status="8" exitcode="0" detail="&#x5728;&#x7B2C; 1 &#x884C;:&#13;&#10;----&#x9009;&#x624B;&#x8F93;&#x51FA;&#x7684;&#x7B2C; 1 &#x5217;----&#13;&#10;&gt;51&#13;&#10;----&#x6807;&#x51C6;&#x8F93;&#x51FA;&#x7684;&#x7B2C; 1 &#x5217;----&#13;&#10;&gt;832" time="0.04" memory="500" score="0"/><testcase status="8" exitcode="0" detail="&#x5728;&#x7B2C; 1 &#x884C;:&#13;&#10;----&#x9009;&#x624B;&#x8F93;&#x51FA;&#x7684;&#x7B2C; 1 &#x5217;----&#13;&#10;&gt;3&#13;&#10;----&#x6807;&#x51C6;&#x8F93;&#x51FA;&#x7684;&#x7B2C; 1 &#x5217;----&#13;&#10;&gt;15" time="0.01" memory="500" score="0"/><testcase status="7" exitcode="0" detail="" time="0.01" memory="500" score="10"/><testcase status="7" exitcode="0" detail="" time="0.03" memory="500" score="10"/><testcase status="8" exitcode="0" detail="&#x5728;&#x7B2C; 1 &#x884C;:&#13;&#10;----&#x9009;&#x624B;&#x8F93;&#x51FA;&#x7684;&#x7B2C; 2 &#x5217;----&#13;&#10;&gt;...1&#13;&#10;----&#x6807;&#x51C6;&#x8F93;&#x51FA;&#x7684;&#x7B2C; 2 &#x5217;----&#13;&#10;&gt;...72" time="0.01" memory="500" score="0"/><testcase status="8" exitcode="0" detail="&#x5728;&#x7B2C; 1 &#x884C;:&#13;&#10;----&#x9009;&#x624B;&#x8F93;&#x51FA;&#x7684;&#x7B2C; 2 &#x5217;----&#13;&#10;&gt;...9&#13;&#10;----&#x6807;&#x51C6;&#x8F93;&#x51FA;&#x7684;&#x7B2C; 2 &#x5217;----&#13;&#10;&gt;...03" time="0.01" memory="500" score="0"/><testcase status="8" exitcode="0" detail="&#x5728;&#x7B2C; 1 &#x884C;:&#13;&#10;----&#x9009;&#x624B;&#x8F93;&#x51FA;&#x7684;&#x7B2C; 1 &#x5217;----&#13;&#10;&gt;44&#13;&#10;----&#x6807;&#x51C6;&#x8F93;&#x51FA;&#x7684;&#x7B2C; 1 &#x5217;----&#13;&#10;&gt;809" time="0.03" memory="500" score="0"/><testcase status="8" exitcode="0" detail="&#x5728;&#x7B2C; 1 &#x884C;:&#13;&#10;----&#x9009;&#x624B;&#x8F93;&#x51FA;&#x7684;&#x7B2C; 1 &#x5217;----&#13;&#10;&gt;33&#13;&#10;----&#x6807;&#x51C6;&#x8F93;&#x51FA;&#x7684;&#x7B2C; 1 &#x5217;----&#13;&#10;&gt;812" time="0.03" memory="500" score="0"/><testcase status="8" exitcode="0" detail="&#x5728;&#x7B2C; 1 &#x884C;:&#13;&#10;----&#x9009;&#x624B;&#x8F93;&#x51FA;&#x7684;&#x7B2C; 2 &#x5217;----&#13;&#10;&gt;...2&#13;&#10;----&#x6807;&#x51C6;&#x8F93;&#x51FA;&#x7684;&#x7B2C; 2 &#x5217;----&#13;&#10;&gt;...17" time="0.04" memory="500" score="0"/><testcase status="8" exitcode="0" detail="&#x5728;&#x7B2C; 1 &#x884C;:&#13;&#10;----&#x9009;&#x624B;&#x8F93;&#x51FA;&#x7684;&#x7B2C; 1 &#x5217;----&#13;&#10;&gt;54&#13;&#10;----&#x6807;&#x51C6;&#x8F93;&#x51FA;&#x7684;&#x7B2C; 1 &#x5217;----&#13;&#10;&gt;859" time="0.04" memory="500" score="0"/></problem></result></cena>
