<?xml version="1.0"?>
<cena version="0.5.2"><result judgetime="39624.5082184954"><problem title="num" filename="num\num.exe" status="1" hash="1870314626"><testcase status="7" exitcode="0" detail="" time="0.03" memory="-1" score="10"/><testcase status="7" exitcode="0" detail="" time="0.04" memory="-1" score="10"/><testcase status="7" exitcode="0" detail="" time="0.03" memory="-1" score="10"/><testcase status="7" exitcode="0" detail="" time="0.04" memory="-1" score="10"/><testcase status="7" exitcode="0" detail="" time="0.04" memory="-1" score="10"/><testcase status="7" exitcode="0" detail="" time="0.03" memory="-1" score="10"/><testcase status="7" exitcode="0" detail="" time="0.04" memory="-1" score="10"/><testcase status="7" exitcode="0" detail="" time="0.01" memory="-1" score="10"/><testcase status="7" exitcode="0" detail="" time="0.04" memory="-1" score="10"/><testcase status="7" exitcode="0" detail="" time="0.01" memory="-1" score="10"/></problem><problem title="land" filename="land\land.exe" status="1" hash="3680955352"><testcase status="7" exitcode="0" detail="" time="0.04" memory="-1" score="10"/><testcase status="7" exitcode="0" detail="" time="0.04" memory="-1" score="10"/><testcase status="7" exitcode="0" detail="" time="0.03" memory="-1" score="10"/><testcase status="7" exitcode="0" detail="" time="0.01" memory="-1" score="10"/><testcase status="7" exitcode="0" detail="" time="0.04" memory="-1" score="10"/><testcase status="7" exitcode="0" detail="" time="0.06" memory="-1" score="10"/><testcase status="7" exitcode="0" detail="" time="0.06" memory="-1" score="10"/><testcase status="7" exitcode="0" detail="" time="0.03" memory="-1" score="10"/><testcase status="7" exitcode="0" detail="" time="0.03" memory="-1" score="10"/><testcase status="7" exitcode="0" detail="" time="0.04" memory="-1" score="10"/></problem><problem title="reward" filename="reward\reward.exe" status="1" hash="4201521008"><testcase status="7" exitcode="0" detail="" time="0.03" memory="-1" score="20"/><testcase status="8" exitcode="0" detail="&#x5728;&#x7B2C; 1 &#x884C;:&#13;&#10;----&#x9009;&#x624B;&#x8F93;&#x51FA;&#x7684;&#x7B2C; 1 &#x5217;----&#13;&#10;&gt;-1&#13;&#10;----&#x6807;&#x51C6;&#x8F93;&#x51FA;&#x7684;&#x7B2C; 1 &#x5217;----&#13;&#10;&gt;10472" time="0.06" memory="-1" score="0"/><testcase status="8" exitcode="0" detail="&#x5728;&#x7B2C; 1 &#x884C;:&#13;&#10;----&#x9009;&#x624B;&#x8F93;&#x51FA;&#x7684;&#x7B2C; 1 &#x5217;----&#13;&#10;&gt;-1&#13;&#10;----&#x6807;&#x51C6;&#x8F93;&#x51FA;&#x7684;&#x7B2C; 1 &#x5217;----&#13;&#10;&gt;103482" time="0.01" memory="-1" score="0"/><testcase status="8" exitcode="0" detail="&#x5728;&#x7B2C; 1 &#x884C;:&#13;&#10;----&#x9009;&#x624B;&#x8F93;&#x51FA;&#x7684;&#x7B2C; 1 &#x5217;----&#13;&#10;&gt;-1&#13;&#10;----&#x6807;&#x51C6;&#x8F93;&#x51FA;&#x7684;&#x7B2C; 1 &#x5217;----&#13;&#10;&gt;102655" time="0.03" memory="-1" score="0"/><testcase status="8" exitcode="0" detail="&#x5728;&#x7B2C; 1 &#x884C;:&#13;&#10;----&#x9009;&#x624B;&#x8F93;&#x51FA;&#x7684;&#x7B2C; 1 &#x5217;----&#13;&#10;&gt;-1&#13;&#10;----&#x6807;&#x51C6;&#x8F93;&#x51FA;&#x7684;&#x7B2C; 1 &#x5217;----&#13;&#10;&gt;102701..." time="0.06" memory="-1" score="0"/></problem><problem title="work" filename="work\work.exe" status="1" hash="3544999847"><testcase status="8" exitcode="0" detail="&#x5728;&#x7B2C; 1 &#x884C;:&#13;&#10;----&#x9009;&#x624B;&#x8F93;&#x51FA;&#x7684;&#x7B2C; 1 &#x5217;----&#13;&#10;&gt;39229&#13;&#10;----&#x6807;&#x51C6;&#x8F93;&#x51FA;&#x7684;&#x7B2C; 1 &#x5217;----&#13;&#10;&gt;832" time="0.04" memory="-1" score="0"/><testcase status="8" exitcode="0" detail="&#x5728;&#x7B2C; 1 &#x884C;:&#13;&#10;----&#x9009;&#x624B;&#x8F93;&#x51FA;&#x7684;&#x7B2C; 2 &#x5217;----&#13;&#10;&gt;...9&#13;&#10;----&#x6807;&#x51C6;&#x8F93;&#x51FA;&#x7684;&#x7B2C; 2 &#x5217;----&#13;&#10;&gt;...5" time="0.04" memory="-1" score="0"/><testcase status="7" exitcode="0" detail="" time="0.03" memory="-1" score="10"/><testcase status="8" exitcode="0" detail="&#x5728;&#x7B2C; 1 &#x884C;:&#13;&#10;----&#x9009;&#x624B;&#x8F93;&#x51FA;&#x7684;&#x7B2C; 1 &#x5217;----&#13;&#10;&gt;110&#13;&#10;----&#x6807;&#x51C6;&#x8F93;&#x51FA;&#x7684;&#x7B2C; 1 &#x5217;----&#13;&#10;&gt;50" time="0.01" memory="-1" score="0"/><testcase status="8" exitcode="0" detail="&#x5728;&#x7B2C; 1 &#x884C;:&#13;&#10;----&#x9009;&#x624B;&#x8F93;&#x51FA;&#x7684;&#x7B2C; 1 &#x5217;----&#13;&#10;&gt;862&#13;&#10;----&#x6807;&#x51C6;&#x8F93;&#x51FA;&#x7684;&#x7B2C; 1 &#x5217;----&#13;&#10;&gt;172" time="0.03" memory="-1" score="0"/><testcase status="8" exitcode="0" detail="&#x5728;&#x7B2C; 1 &#x884C;:&#13;&#10;----&#x9009;&#x624B;&#x8F93;&#x51FA;&#x7684;&#x7B2C; 1 &#x5217;----&#13;&#10;&gt;1684&#13;&#10;----&#x6807;&#x51C6;&#x8F93;&#x51FA;&#x7684;&#x7B2C; 1 &#x5217;----&#13;&#10;&gt;203" time="0.01" memory="-1" score="0"/><testcase status="8" exitcode="0" detail="&#x5728;&#x7B2C; 1 &#x884C;:&#13;&#10;----&#x9009;&#x624B;&#x8F93;&#x51FA;&#x7684;&#x7B2C; 1 &#x5217;----&#13;&#10;&gt;15300&#13;&#10;----&#x6807;&#x51C6;&#x8F93;&#x51FA;&#x7684;&#x7B2C; 1 &#x5217;----&#13;&#10;&gt;809" time="0.03" memory="-1" score="0"/><testcase status="8" exitcode="0" detail="&#x5728;&#x7B2C; 1 &#x884C;:&#13;&#10;----&#x9009;&#x624B;&#x8F93;&#x51FA;&#x7684;&#x7B2C; 1 &#x5217;----&#13;&#10;&gt;17888&#13;&#10;----&#x6807;&#x51C6;&#x8F93;&#x51FA;&#x7684;&#x7B2C; 1 &#x5217;----&#13;&#10;&gt;812" time="0.03" memory="-1" score="0"/><testcase status="8" exitcode="0" detail="&#x5728;&#x7B2C; 1 &#x884C;:&#13;&#10;----&#x9009;&#x624B;&#x8F93;&#x51FA;&#x7684;&#x7B2C; 1 &#x5217;----&#13;&#10;&gt;37951&#13;&#10;----&#x6807;&#x51C6;&#x8F93;&#x51FA;&#x7684;&#x7B2C; 1 &#x5217;----&#13;&#10;&gt;817" time="0.03" memory="-1" score="0"/><testcase status="8" exitcode="0" detail="&#x5728;&#x7B2C; 1 &#x884C;:&#13;&#10;----&#x9009;&#x624B;&#x8F93;&#x51FA;&#x7684;&#x7B2C; 1 &#x5217;----&#13;&#10;&gt;37139&#13;&#10;----&#x6807;&#x51C6;&#x8F93;&#x51FA;&#x7684;&#x7B2C; 1 &#x5217;----&#13;&#10;&gt;859" time="0.04" memory="-1" score="0"/></problem></result></cena>
