<?xml version="1.0"?>
<cena version="0.6.3"><result judgetime="40313.4898113773"><problem title="minnum" filename="minnum\minnum.exe" status="1" hash="1093784400" detail=""><testcase status="7" exitcode="0" detail="" time="0.01" memory="-1" score="10"/><testcase status="7" exitcode="0" detail="" time="0" memory="-1" score="10"/><testcase status="7" exitcode="0" detail="" time="0.03" memory="-1" score="10"/><testcase status="7" exitcode="0" detail="" time="0.03" memory="-1" score="10"/><testcase status="7" exitcode="0" detail="" time="0.01" memory="-1" score="10"/><testcase status="7" exitcode="0" detail="" time="0.01" memory="-1" score="10"/><testcase status="7" exitcode="0" detail="" time="0" memory="-1" score="10"/><testcase status="7" exitcode="0" detail="" time="0.04" memory="-1" score="10"/><testcase status="7" exitcode="0" detail="" time="0.03" memory="-1" score="10"/><testcase status="7" exitcode="0" detail="" time="0.04" memory="-1" score="10"/></problem><problem title="sort" filename="sort\sort.exe" status="1" hash="2270419108" detail=""><testcase status="7" exitcode="0" detail="" time="0.01" memory="-1" score="10"/><testcase status="7" exitcode="0" detail="" time="0.06" memory="-1" score="10"/><testcase status="7" exitcode="0" detail="" time="0" memory="-1" score="10"/><testcase status="7" exitcode="0" detail="" time="0.03" memory="-1" score="10"/><testcase status="7" exitcode="0" detail="" time="0.03" memory="-1" score="10"/><testcase status="7" exitcode="0" detail="" time="0" memory="-1" score="10"/><testcase status="7" exitcode="0" detail="" time="0.01" memory="-1" score="10"/><testcase status="7" exitcode="0" detail="" time="0.03" memory="-1" score="10"/><testcase status="7" exitcode="0" detail="" time="0" memory="-1" score="10"/><testcase status="7" exitcode="0" detail="" time="0.01" memory="-1" score="10"/></problem><problem title="snake" filename="snake\snake.exe" status="1" hash="2994655163" detail=""><testcase status="7" exitcode="0" detail="" time="0.03" memory="-1" score="10"/><testcase status="7" exitcode="0" detail="" time="0.01" memory="-1" score="10"/><testcase status="7" exitcode="0" detail="" time="0.01" memory="-1" score="10"/><testcase status="7" exitcode="0" detail="" time="0" memory="-1" score="10"/><testcase status="7" exitcode="0" detail="" time="0.04" memory="-1" score="10"/><testcase status="7" exitcode="0" detail="" time="0.01" memory="-1" score="10"/><testcase status="7" exitcode="0" detail="" time="0" memory="-1" score="10"/><testcase status="7" exitcode="0" detail="" time="0.01" memory="-1" score="10"/><testcase status="7" exitcode="0" detail="" time="0.01" memory="-1" score="10"/><testcase status="7" exitcode="0" detail="" time="0" memory="-1" score="10"/></problem><problem title="stamps" filename="stamps\stamps.exe" status="1" hash="3058068714" detail=""><testcase status="7" exitcode="0" detail="" time="0.01" memory="-1" score="10"/><testcase status="7" exitcode="0" detail="" time="0" memory="-1" score="10"/><testcase status="7" exitcode="0" detail="" time="0" memory="-1" score="10"/><testcase status="7" exitcode="0" detail="" time="0.09" memory="-1" score="10"/><testcase status="7" exitcode="0" detail="" time="0.09" memory="-1" score="10"/><testcase status="7" exitcode="0" detail="" time="0.1" memory="-1" score="10"/><testcase status="7" exitcode="0" detail="" time="0" memory="-1" score="10"/><testcase status="7" exitcode="0" detail="" time="0.03" memory="-1" score="10"/><testcase status="7" exitcode="0" detail="" time="0.06" memory="-1" score="10"/><testcase status="7" exitcode="0" detail="" time="0.06" memory="-1" score="10"/></problem></result></cena>
