<?xml version="1.0"?>
<cena version="0.5.2"><result judgetime="39624.5083792593"><problem title="num" filename="num\num.exe" status="1" hash="2639385248"><testcase status="7" exitcode="0" detail="" time="0.01" memory="2264" score="10"/><testcase status="7" exitcode="0" detail="" time="0.03" memory="2264" score="10"/><testcase status="7" exitcode="0" detail="" time="0.01" memory="2264" score="10"/><testcase status="7" exitcode="0" detail="" time="0.01" memory="2264" score="10"/><testcase status="7" exitcode="0" detail="" time="0.01" memory="2264" score="10"/><testcase status="7" exitcode="0" detail="" time="0.01" memory="2264" score="10"/><testcase status="7" exitcode="0" detail="" time="0.01" memory="2264" score="10"/><testcase status="7" exitcode="0" detail="" time="0.01" memory="2264" score="10"/><testcase status="7" exitcode="0" detail="" time="0.01" memory="2264" score="10"/><testcase status="7" exitcode="0" detail="" time="0.01" memory="2264" score="10"/></problem><problem title="land" filename="land\land.exe" status="1" hash="2055161078"><testcase status="7" exitcode="0" detail="" time="0.01" memory="2264" score="10"/><testcase status="7" exitcode="0" detail="" time="0.01" memory="2264" score="10"/><testcase status="7" exitcode="0" detail="" time="0.01" memory="2264" score="10"/><testcase status="7" exitcode="0" detail="" time="0.03" memory="2264" score="10"/><testcase status="7" exitcode="0" detail="" time="0.01" memory="2264" score="10"/><testcase status="7" exitcode="0" detail="" time="0.1" memory="2264" score="10"/><testcase status="7" exitcode="0" detail="" time="0.17" memory="2264" score="10"/><testcase status="7" exitcode="0" detail="" time="0.04" memory="2264" score="10"/><testcase status="7" exitcode="0" detail="" time="0.06" memory="2264" score="10"/><testcase status="7" exitcode="0" detail="" time="0.14" memory="2264" score="10"/></problem><problem title="reward" filename="reward\reward.exe" status="1" hash="2624782510"><testcase status="7" exitcode="0" detail="" time="0.03" memory="3244" score="20"/><testcase status="8" exitcode="0" detail="&#x5728;&#x7B2C; 1 &#x884C;:&#13;&#10;----&#x9009;&#x624B;&#x8F93;&#x51FA;&#x7684;&#x7B2C; 1 &#x5217;----&#13;&#10;&gt;-1&#13;&#10;----&#x6807;&#x51C6;&#x8F93;&#x51FA;&#x7684;&#x7B2C; 1 &#x5217;----&#13;&#10;&gt;10472" time="0.01" memory="3244" score="0"/><testcase status="8" exitcode="0" detail="&#x5728;&#x7B2C; 1 &#x884C;:&#13;&#10;----&#x9009;&#x624B;&#x8F93;&#x51FA;&#x7684;&#x7B2C; 1 &#x5217;----&#13;&#10;&gt;-1&#13;&#10;----&#x6807;&#x51C6;&#x8F93;&#x51FA;&#x7684;&#x7B2C; 1 &#x5217;----&#13;&#10;&gt;103482" time="0.1" memory="3244" score="0"/><testcase status="8" exitcode="0" detail="&#x5728;&#x7B2C; 1 &#x884C;:&#13;&#10;----&#x9009;&#x624B;&#x8F93;&#x51FA;&#x7684;&#x7B2C; 1 &#x5217;----&#13;&#10;&gt;-1&#13;&#10;----&#x6807;&#x51C6;&#x8F93;&#x51FA;&#x7684;&#x7B2C; 1 &#x5217;----&#13;&#10;&gt;102655" time="0.09" memory="3244" score="0"/><testcase status="8" exitcode="201" detail="&#x6807;&#x51C6;&#x8F93;&#x51FA;&#x6BD4;&#x9009;&#x624B;&#x8F93;&#x51FA;&#x957F;&#x3002;" time="0.01" memory="3244" score="0"/></problem><problem title="work" filename="work\work.exe" status="1" hash="1904380563"><testcase status="8" exitcode="0" detail="&#x5728;&#x7B2C; 1 &#x884C;:&#13;&#10;----&#x9009;&#x624B;&#x8F93;&#x51FA;&#x7684;&#x7B2C; 1 &#x5217;----&#13;&#10;&gt;144&#13;&#10;----&#x6807;&#x51C6;&#x8F93;&#x51FA;&#x7684;&#x7B2C; 1 &#x5217;----&#13;&#10;&gt;832" time="0.06" memory="2276" score="0"/><testcase status="8" exitcode="0" detail="&#x5728;&#x7B2C; 1 &#x884C;:&#13;&#10;----&#x9009;&#x624B;&#x8F93;&#x51FA;&#x7684;&#x7B2C; 1 &#x5217;----&#13;&#10;&gt;3&#13;&#10;----&#x6807;&#x51C6;&#x8F93;&#x51FA;&#x7684;&#x7B2C; 1 &#x5217;----&#13;&#10;&gt;15" time="0.01" memory="2276" score="0"/><testcase status="8" exitcode="0" detail="&#x5728;&#x7B2C; 1 &#x884C;:&#13;&#10;----&#x9009;&#x624B;&#x8F93;&#x51FA;&#x7684;&#x7B2C; 1 &#x5217;----&#13;&#10;&gt;15&#13;&#10;----&#x6807;&#x51C6;&#x8F93;&#x51FA;&#x7684;&#x7B2C; 1 &#x5217;----&#13;&#10;&gt;45" time="0.01" memory="2276" score="0"/><testcase status="7" exitcode="0" detail="" time="0.01" memory="2276" score="10"/><testcase status="8" exitcode="0" detail="&#x5728;&#x7B2C; 1 &#x884C;:&#13;&#10;----&#x9009;&#x624B;&#x8F93;&#x51FA;&#x7684;&#x7B2C; 2 &#x5217;----&#13;&#10;&gt;...2&#13;&#10;----&#x6807;&#x51C6;&#x8F93;&#x51FA;&#x7684;&#x7B2C; 2 &#x5217;----&#13;&#10;&gt;...72" time="0.01" memory="2276" score="0"/><testcase status="8" exitcode="0" detail="&#x5728;&#x7B2C; 1 &#x884C;:&#13;&#10;----&#x9009;&#x624B;&#x8F93;&#x51FA;&#x7684;&#x7B2C; 2 &#x5217;----&#13;&#10;&gt;...9&#13;&#10;----&#x6807;&#x51C6;&#x8F93;&#x51FA;&#x7684;&#x7B2C; 2 &#x5217;----&#13;&#10;&gt;...03" time="0.03" memory="2276" score="0"/><testcase status="8" exitcode="0" detail="&#x5728;&#x7B2C; 1 &#x884C;:&#13;&#10;----&#x9009;&#x624B;&#x8F93;&#x51FA;&#x7684;&#x7B2C; 1 &#x5217;----&#13;&#10;&gt;152&#13;&#10;----&#x6807;&#x51C6;&#x8F93;&#x51FA;&#x7684;&#x7B2C; 1 &#x5217;----&#13;&#10;&gt;809" time="0.03" memory="2276" score="0"/><testcase status="8" exitcode="0" detail="&#x5728;&#x7B2C; 1 &#x884C;:&#13;&#10;----&#x9009;&#x624B;&#x8F93;&#x51FA;&#x7684;&#x7B2C; 2 &#x5217;----&#13;&#10;&gt;...6&#13;&#10;----&#x6807;&#x51C6;&#x8F93;&#x51FA;&#x7684;&#x7B2C; 2 &#x5217;----&#13;&#10;&gt;...12" time="0.04" memory="2276" score="0"/><testcase status="8" exitcode="0" detail="&#x5728;&#x7B2C; 1 &#x884C;:&#13;&#10;----&#x9009;&#x624B;&#x8F93;&#x51FA;&#x7684;&#x7B2C; 1 &#x5217;----&#13;&#10;&gt;151&#13;&#10;----&#x6807;&#x51C6;&#x8F93;&#x51FA;&#x7684;&#x7B2C; 1 &#x5217;----&#13;&#10;&gt;817" time="0.06" memory="2276" score="0"/><testcase status="8" exitcode="0" detail="&#x5728;&#x7B2C; 1 &#x884C;:&#13;&#10;----&#x9009;&#x624B;&#x8F93;&#x51FA;&#x7684;&#x7B2C; 1 &#x5217;----&#13;&#10;&gt;172&#13;&#10;----&#x6807;&#x51C6;&#x8F93;&#x51FA;&#x7684;&#x7B2C; 1 &#x5217;----&#13;&#10;&gt;859" time="0.06" memory="2276" score="0"/></problem></result></cena>
