<?xml version="1.0"?>
<cena version="0.6.3"><result judgetime="40313.492365081"><problem title="minnum" filename="minnum\minnum.exe" status="1" hash="1495254596" detail=""><testcase status="7" exitcode="0" detail="" time="0" memory="548" score="10"/><testcase status="7" exitcode="0" detail="" time="0" memory="544" score="10"/><testcase status="7" exitcode="0" detail="" time="0" memory="544" score="10"/><testcase status="7" exitcode="0" detail="" time="0" memory="544" score="10"/><testcase status="7" exitcode="0" detail="" time="0" memory="544" score="10"/><testcase status="7" exitcode="0" detail="" time="0" memory="544" score="10"/><testcase status="7" exitcode="0" detail="" time="0" memory="544" score="10"/><testcase status="7" exitcode="0" detail="" time="0.01" memory="544" score="10"/><testcase status="7" exitcode="0" detail="" time="0" memory="544" score="10"/><testcase status="7" exitcode="0" detail="" time="0.04" memory="544" score="10"/></problem><problem title="sort" filename="sort\sort.exe" status="1" hash="1286509315" detail=""><testcase status="7" exitcode="0" detail="" time="0" memory="552" score="10"/><testcase status="7" exitcode="0" detail="" time="0.01" memory="548" score="10"/><testcase status="7" exitcode="0" detail="" time="0" memory="548" score="10"/><testcase status="7" exitcode="0" detail="" time="0.01" memory="548" score="10"/><testcase status="7" exitcode="0" detail="" time="0" memory="548" score="10"/><testcase status="7" exitcode="0" detail="" time="0" memory="548" score="10"/><testcase status="7" exitcode="0" detail="" time="0" memory="548" score="10"/><testcase status="7" exitcode="0" detail="" time="0" memory="548" score="10"/><testcase status="7" exitcode="0" detail="" time="0" memory="548" score="10"/><testcase status="7" exitcode="0" detail="" time="0" memory="548" score="10"/></problem><problem title="snake" filename="snake\snake.exe" status="1" hash="3198803411" detail=""><testcase status="7" exitcode="0" detail="" time="0.01" memory="588" score="10"/><testcase status="7" exitcode="0" detail="" time="0.01" memory="584" score="10"/><testcase status="7" exitcode="0" detail="" time="0" memory="584" score="10"/><testcase status="7" exitcode="0" detail="" time="0" memory="584" score="10"/><testcase status="7" exitcode="0" detail="" time="0.01" memory="584" score="10"/><testcase status="7" exitcode="0" detail="" time="0" memory="584" score="10"/><testcase status="7" exitcode="0" detail="" time="0.01" memory="584" score="10"/><testcase status="7" exitcode="0" detail="" time="0" memory="584" score="10"/><testcase status="7" exitcode="0" detail="" time="0" memory="584" score="10"/><testcase status="7" exitcode="0" detail="" time="0.01" memory="584" score="10"/></problem><problem title="stamps" filename="stamps\stamps.exe" status="1" hash="1277680577" detail=""><testcase status="7" exitcode="0" detail="" time="0" memory="796" score="10"/><testcase status="7" exitcode="0" detail="" time="0" memory="792" score="10"/><testcase status="7" exitcode="0" detail="" time="0" memory="792" score="10"/><testcase status="7" exitcode="0" detail="" time="0.01" memory="792" score="10"/><testcase status="7" exitcode="0" detail="" time="0.04" memory="792" score="10"/><testcase status="7" exitcode="0" detail="" time="0.04" memory="792" score="10"/><testcase status="7" exitcode="0" detail="" time="0.01" memory="792" score="10"/><testcase status="7" exitcode="0" detail="" time="0.03" memory="792" score="10"/><testcase status="7" exitcode="0" detail="" time="0.03" memory="792" score="10"/><testcase status="7" exitcode="0" detail="" time="0.03" memory="792" score="10"/></problem></result></cena>
