<?xml version="1.0"?>
<cena version="0.5.2"><result judgetime="39624.5024343519"><problem title="num" filename="num\num.exe" status="1" hash="3833072918"><testcase status="7" exitcode="0" detail="" time="0.01" memory="2268" score="10"/><testcase status="7" exitcode="0" detail="" time="0.01" memory="2268" score="10"/><testcase status="7" exitcode="0" detail="" time="0.03" memory="2268" score="10"/><testcase status="7" exitcode="0" detail="" time="0.01" memory="2268" score="10"/><testcase status="7" exitcode="0" detail="" time="0.01" memory="2268" score="10"/><testcase status="7" exitcode="0" detail="" time="0.01" memory="2268" score="10"/><testcase status="7" exitcode="0" detail="" time="0.01" memory="2268" score="10"/><testcase status="7" exitcode="0" detail="" time="0.01" memory="2268" score="10"/><testcase status="7" exitcode="0" detail="" time="0.01" memory="2268" score="10"/><testcase status="7" exitcode="0" detail="" time="0.01" memory="2268" score="10"/></problem><problem title="land" filename="land\land.exe" status="1" hash="794073742"><testcase status="7" exitcode="0" detail="" time="0.03" memory="2264" score="10"/><testcase status="7" exitcode="0" detail="" time="0.01" memory="2264" score="10"/><testcase status="7" exitcode="0" detail="" time="0.01" memory="2264" score="10"/><testcase status="7" exitcode="0" detail="" time="0.01" memory="2264" score="10"/><testcase status="7" exitcode="0" detail="" time="0.03" memory="2264" score="10"/><testcase status="7" exitcode="0" detail="" time="0.04" memory="2264" score="10"/><testcase status="7" exitcode="0" detail="" time="0.12" memory="2264" score="10"/><testcase status="7" exitcode="0" detail="" time="0.03" memory="2264" score="10"/><testcase status="7" exitcode="0" detail="" time="0.04" memory="2264" score="10"/><testcase status="7" exitcode="0" detail="" time="0.06" memory="2264" score="10"/></problem><problem title="reward" filename="" status="14" hash="0"><testcase status="14" exitcode="0" detail="" time="0" memory="0" score="0"/><testcase status="14" exitcode="0" detail="" time="0" memory="0" score="0"/><testcase status="14" exitcode="0" detail="" time="0" memory="0" score="0"/><testcase status="14" exitcode="0" detail="" time="0" memory="0" score="0"/><testcase status="14" exitcode="0" detail="" time="0" memory="0" score="0"/></problem><problem title="work" filename="work\work.exe" status="1" hash="3417699852"><testcase status="8" exitcode="0" detail="&#x5728;&#x7B2C; 1 &#x884C;:&#13;&#10;----&#x9009;&#x624B;&#x8F93;&#x51FA;&#x7684;&#x7B2C; 1 &#x5217;----&#13;&#10;&gt;100&#13;&#10;----&#x6807;&#x51C6;&#x8F93;&#x51FA;&#x7684;&#x7B2C; 1 &#x5217;----&#13;&#10;&gt;832" time="0.03" memory="2280" score="0"/><testcase status="8" exitcode="0" detail="&#x5728;&#x7B2C; 1 &#x884C;:&#13;&#10;----&#x9009;&#x624B;&#x8F93;&#x51FA;&#x7684;&#x7B2C; 1 &#x5217;----&#13;&#10;&gt;3&#13;&#10;----&#x6807;&#x51C6;&#x8F93;&#x51FA;&#x7684;&#x7B2C; 1 &#x5217;----&#13;&#10;&gt;15" time="0.03" memory="2280" score="0"/><testcase status="8" exitcode="0" detail="&#x5728;&#x7B2C; 1 &#x884C;:&#13;&#10;----&#x9009;&#x624B;&#x8F93;&#x51FA;&#x7684;&#x7B2C; 1 &#x5217;----&#13;&#10;&gt;15&#13;&#10;----&#x6807;&#x51C6;&#x8F93;&#x51FA;&#x7684;&#x7B2C; 1 &#x5217;----&#13;&#10;&gt;45" time="0.01" memory="2280" score="0"/><testcase status="7" exitcode="0" detail="" time="0.01" memory="2280" score="10"/><testcase status="8" exitcode="0" detail="&#x5728;&#x7B2C; 1 &#x884C;:&#13;&#10;----&#x9009;&#x624B;&#x8F93;&#x51FA;&#x7684;&#x7B2C; 1 &#x5217;----&#13;&#10;&gt;33&#13;&#10;----&#x6807;&#x51C6;&#x8F93;&#x51FA;&#x7684;&#x7B2C; 1 &#x5217;----&#13;&#10;&gt;172" time="0.01" memory="2280" score="0"/><testcase status="8" exitcode="0" detail="&#x5728;&#x7B2C; 1 &#x884C;:&#13;&#10;----&#x9009;&#x624B;&#x8F93;&#x51FA;&#x7684;&#x7B2C; 1 &#x5217;----&#13;&#10;&gt;10&#13;&#10;----&#x6807;&#x51C6;&#x8F93;&#x51FA;&#x7684;&#x7B2C; 1 &#x5217;----&#13;&#10;&gt;203" time="0.01" memory="2280" score="0"/><testcase status="8" exitcode="0" detail="&#x5728;&#x7B2C; 1 &#x884C;:&#13;&#10;----&#x9009;&#x624B;&#x8F93;&#x51FA;&#x7684;&#x7B2C; 1 &#x5217;----&#13;&#10;&gt;94&#13;&#10;----&#x6807;&#x51C6;&#x8F93;&#x51FA;&#x7684;&#x7B2C; 1 &#x5217;----&#13;&#10;&gt;809" time="0.01" memory="2280" score="0"/><testcase status="8" exitcode="0" detail="&#x5728;&#x7B2C; 1 &#x884C;:&#13;&#10;----&#x9009;&#x624B;&#x8F93;&#x51FA;&#x7684;&#x7B2C; 1 &#x5217;----&#13;&#10;&gt;49&#13;&#10;----&#x6807;&#x51C6;&#x8F93;&#x51FA;&#x7684;&#x7B2C; 1 &#x5217;----&#13;&#10;&gt;812" time="0.01" memory="2280" score="0"/><testcase status="8" exitcode="0" detail="&#x5728;&#x7B2C; 1 &#x884C;:&#13;&#10;----&#x9009;&#x624B;&#x8F93;&#x51FA;&#x7684;&#x7B2C; 1 &#x5217;----&#13;&#10;&gt;96&#13;&#10;----&#x6807;&#x51C6;&#x8F93;&#x51FA;&#x7684;&#x7B2C; 1 &#x5217;----&#13;&#10;&gt;817" time="0.03" memory="2280" score="0"/><testcase status="8" exitcode="0" detail="&#x5728;&#x7B2C; 1 &#x884C;:&#13;&#10;----&#x9009;&#x624B;&#x8F93;&#x51FA;&#x7684;&#x7B2C; 1 &#x5217;----&#13;&#10;&gt;125&#13;&#10;----&#x6807;&#x51C6;&#x8F93;&#x51FA;&#x7684;&#x7B2C; 1 &#x5217;----&#13;&#10;&gt;859" time="0.01" memory="2280" score="0"/></problem></result></cena>
