<?xml version="1.0"?>
<cena version="0.8.1"><result judgetime="43968.652892037"><problem title="minnum" filename="minnum\minnum.cpp" status="1" hash="896333014" detail=""><testcase status="7" exitcode="0" detail="" time="0" memory="696" score="10"/><testcase status="7" exitcode="0" detail="" time="0" memory="636" score="10"/><testcase status="7" exitcode="0" detail="" time="0.01" memory="632" score="10"/><testcase status="7" exitcode="0" detail="" time="0" memory="644" score="10"/><testcase status="7" exitcode="0" detail="" time="0" memory="632" score="10"/><testcase status="7" exitcode="0" detail="" time="0.01" memory="636" score="10"/><testcase status="7" exitcode="0" detail="" time="0" memory="632" score="10"/><testcase status="7" exitcode="0" detail="" time="0" memory="636" score="10"/><testcase status="7" exitcode="0" detail="" time="0.01" memory="632" score="10"/><testcase status="7" exitcode="0" detail="" time="0.03" memory="640" score="10"/></problem><problem title="sort" filename="sort\sort.cpp" status="1" hash="498206938" detail=""><testcase status="7" exitcode="0" detail="" time="0.01" memory="700" score="10"/><testcase status="7" exitcode="0" detail="" time="0" memory="636" score="10"/><testcase status="7" exitcode="0" detail="" time="0" memory="636" score="10"/><testcase status="7" exitcode="0" detail="" time="0" memory="640" score="10"/><testcase status="7" exitcode="0" detail="" time="0" memory="636" score="10"/><testcase status="7" exitcode="0" detail="" time="0.01" memory="636" score="10"/><testcase status="7" exitcode="0" detail="" time="0" memory="640" score="10"/><testcase status="7" exitcode="0" detail="" time="0" memory="636" score="10"/><testcase status="7" exitcode="0" detail="" time="0" memory="632" score="10"/><testcase status="7" exitcode="0" detail="" time="0" memory="640" score="10"/></problem><problem title="snake" filename="snake\snake.cpp" status="1" hash="2454244071" detail=""><testcase status="7" exitcode="0" detail="" time="0.03" memory="740" score="10"/><testcase status="7" exitcode="0" detail="" time="0.01" memory="676" score="10"/><testcase status="7" exitcode="0" detail="" time="0" memory="676" score="10"/><testcase status="7" exitcode="0" detail="" time="0.01" memory="672" score="10"/><testcase status="7" exitcode="0" detail="" time="0.01" memory="672" score="10"/><testcase status="7" exitcode="0" detail="" time="0.09" memory="676" score="10"/><testcase status="7" exitcode="0" detail="" time="0.01" memory="672" score="10"/><testcase status="7" exitcode="0" detail="" time="0.01" memory="676" score="10"/><testcase status="7" exitcode="0" detail="" time="0.01" memory="672" score="10"/><testcase status="7" exitcode="0" detail="" time="0.09" memory="676" score="10"/></problem><problem title="stamps" filename="stamps\stamps.cpp" status="1" hash="4108437718" detail=""><testcase status="7" exitcode="0" detail="" time="0.03" memory="1044" score="10"/><testcase status="7" exitcode="0" detail="" time="0.01" memory="972" score="10"/><testcase status="7" exitcode="0" detail="" time="0.01" memory="972" score="10"/><testcase status="7" exitcode="0" detail="" time="0.07" memory="976" score="10"/><testcase status="7" exitcode="0" detail="" time="0.18" memory="972" score="10"/><testcase status="7" exitcode="0" detail="" time="0.12" memory="972" score="10"/><testcase status="7" exitcode="0" detail="" time="0.03" memory="972" score="10"/><testcase status="7" exitcode="0" detail="" time="0.06" memory="980" score="10"/><testcase status="7" exitcode="0" detail="" time="0.12" memory="976" score="10"/><testcase status="7" exitcode="0" detail="" time="0.1" memory="976" score="10"/></problem></result></cena>
