<?xml version="1.0"?>
<cena version="0.6.3"><result judgetime="40313.4915825694"><problem title="minnum" filename="minnum\minnum.exe" status="1" hash="3289950837" detail=""><testcase status="7" exitcode="0" detail="" time="0" memory="-1" score="10"/><testcase status="7" exitcode="0" detail="" time="0.04" memory="-1" score="10"/><testcase status="3" exitcode="1" detail="" time="6.078125" memory="-1" score="0"/><testcase status="7" exitcode="0" detail="" time="0.03" memory="-1" score="10"/><testcase status="3" exitcode="1" detail="" time="6.046875" memory="-1" score="0"/><testcase status="7" exitcode="0" detail="" time="0.01" memory="-1" score="10"/><testcase status="7" exitcode="0" detail="" time="0.01" memory="-1" score="10"/><testcase status="7" exitcode="0" detail="" time="0.04" memory="-1" score="10"/><testcase status="7" exitcode="0" detail="" time="0.01" memory="-1" score="10"/><testcase status="8" exitcode="255" detail="&#x6807;&#x51C6;&#x8F93;&#x51FA;&#x6BD4;&#x9009;&#x624B;&#x8F93;&#x51FA;&#x957F;&#x3002;" time="0.01" memory="-1" score="0"/></problem><problem title="sort" filename="sort\sort.exe" status="1" hash="3891750032" detail=""><testcase status="7" exitcode="0" detail="" time="0" memory="-1" score="10"/><testcase status="7" exitcode="0" detail="" time="0.03" memory="-1" score="10"/><testcase status="7" exitcode="0" detail="" time="0.04" memory="-1" score="10"/><testcase status="7" exitcode="0" detail="" time="0.01" memory="-1" score="10"/><testcase status="7" exitcode="0" detail="" time="0" memory="-1" score="10"/><testcase status="7" exitcode="0" detail="" time="0.03" memory="-1" score="10"/><testcase status="7" exitcode="0" detail="" time="0" memory="-1" score="10"/><testcase status="7" exitcode="0" detail="" time="0" memory="-1" score="10"/><testcase status="7" exitcode="0" detail="" time="0" memory="-1" score="10"/><testcase status="7" exitcode="0" detail="" time="0.01" memory="-1" score="10"/></problem><problem title="snake" filename="snake\snake.exe" status="1" hash="1690917581" detail=""><testcase status="7" exitcode="0" detail="" time="0.03" memory="-1" score="10"/><testcase status="7" exitcode="0" detail="" time="0.01" memory="-1" score="10"/><testcase status="7" exitcode="0" detail="" time="0" memory="-1" score="10"/><testcase status="7" exitcode="0" detail="" time="0.01" memory="-1" score="10"/><testcase status="7" exitcode="0" detail="" time="0.03" memory="-1" score="10"/><testcase status="7" exitcode="0" detail="" time="0.01" memory="-1" score="10"/><testcase status="7" exitcode="0" detail="" time="0.03" memory="-1" score="10"/><testcase status="7" exitcode="0" detail="" time="0.01" memory="-1" score="10"/><testcase status="7" exitcode="0" detail="" time="0.03" memory="-1" score="10"/><testcase status="7" exitcode="0" detail="" time="0.01" memory="-1" score="10"/></problem><problem title="stamps" filename="stamps\stamps.exe" status="1" hash="3390328233" detail="IMNXVRGV.pas(36,7) Error: Illegal assignment to for-loop variable &quot;i&quot;&#13;&#10;IMNXVRGV.pas(45) Fatal: There were 1 errors compiling module, stopping&#13;&#10;IMNXVRGV.pas(45) Fatal: Compilation aborted&#13;&#10;"><testcase status="8" exitcode="0" detail="&#x5728;&#x7B2C; 1 &#x884C;:&#13;&#10;----&#x9009;&#x624B;&#x8F93;&#x51FA;&#x7684;&#x7B2C; 1 &#x5217;----&#13;&#10;&gt;1&#13;&#10;----&#x6807;&#x51C6;&#x8F93;&#x51FA;&#x7684;&#x7B2C; 1 &#x5217;----&#13;&#10;&gt;0" time="0.59" memory="-1" score="0"/><testcase status="7" exitcode="0" detail="" time="0" memory="-1" score="10"/><testcase status="3" exitcode="1" detail="" time="1.06" memory="-1" score="0"/><testcase status="3" exitcode="1" detail="" time="1.1" memory="-1" score="0"/><testcase status="3" exitcode="1" detail="" time="1.07" memory="-1" score="0"/><testcase status="3" exitcode="1" detail="" time="1.1" memory="-1" score="0"/><testcase status="3" exitcode="1" detail="" time="1.06" memory="-1" score="0"/><testcase status="3" exitcode="1" detail="" time="1.06" memory="-1" score="0"/><testcase status="3" exitcode="1" detail="" time="1.01" memory="-1" score="0"/><testcase status="3" exitcode="1" detail="" time="1.01" memory="-1" score="0"/></problem></result></cena>
