<?xml version="1.0"?>
<cena version="0.6.3"><result judgetime="41040.6560588426"><problem title="&#x5B89;&#x5168;&#x5BC6;&#x7801;" filename="password\password.pas" status="1" hash="2576866770" detail=""><testcase status="7" exitcode="0" detail="" time="0" memory="692" score="10"/><testcase status="7" exitcode="0" detail="" time="0" memory="692" score="10"/><testcase status="7" exitcode="0" detail="" time="0" memory="692" score="10"/><testcase status="7" exitcode="0" detail="" time="0" memory="692" score="10"/><testcase status="7" exitcode="0" detail="" time="0" memory="692" score="10"/><testcase status="7" exitcode="0" detail="" time="0" memory="692" score="10"/><testcase status="7" exitcode="0" detail="" time="0" memory="692" score="10"/><testcase status="7" exitcode="0" detail="" time="0.01" memory="692" score="10"/><testcase status="7" exitcode="0" detail="" time="0" memory="692" score="10"/><testcase status="7" exitcode="0" detail="" time="0" memory="692" score="10"/></problem><problem title="&#x8425;&#x6551;" filename="save\save.pas" status="1" hash="3855172323" detail=""><testcase status="7" exitcode="0" detail="" time="0" memory="13412" score="10"/><testcase status="7" exitcode="0" detail="" time="0" memory="13412" score="10"/><testcase status="7" exitcode="0" detail="" time="0.09" memory="13412" score="10"/><testcase status="7" exitcode="0" detail="" time="0.09" memory="13412" score="10"/><testcase status="7" exitcode="0" detail="" time="0.09" memory="13412" score="10"/><testcase status="7" exitcode="0" detail="" time="0.09" memory="13412" score="10"/><testcase status="7" exitcode="0" detail="" time="0.06" memory="13412" score="10"/><testcase status="7" exitcode="0" detail="" time="0.09" memory="13412" score="10"/><testcase status="7" exitcode="0" detail="" time="0.06" memory="13412" score="10"/><testcase status="7" exitcode="0" detail="" time="0.06" memory="13412" score="10"/></problem><problem title="&#x6805;&#x680F;&#x7684;&#x6728;&#x6599;" filename="fence\fence.pas" status="1" hash="3224400467" detail=""><testcase status="7" exitcode="0" detail="" time="0.01" memory="708" score="10"/><testcase status="7" exitcode="0" detail="" time="0" memory="708" score="10"/><testcase status="7" exitcode="0" detail="" time="0" memory="708" score="10"/><testcase status="7" exitcode="0" detail="" time="0" memory="708" score="10"/><testcase status="7" exitcode="0" detail="" time="0" memory="708" score="10"/><testcase status="7" exitcode="0" detail="" time="0" memory="708" score="10"/><testcase status="7" exitcode="0" detail="" time="0" memory="708" score="10"/><testcase status="7" exitcode="0" detail="" time="0" memory="708" score="10"/><testcase status="7" exitcode="0" detail="" time="0.01" memory="708" score="10"/><testcase status="7" exitcode="0" detail="" time="0" memory="720" score="10"/></problem><problem title="&#x519C;&#x573A;&#x4E3B;" filename="farmer\farmer.pas" status="1" hash="1949393056" detail=""><testcase status="7" exitcode="0" detail="" time="0" memory="1684" score="10"/><testcase status="7" exitcode="0" detail="" time="0" memory="1684" score="10"/><testcase status="7" exitcode="0" detail="" time="0.01" memory="1684" score="10"/><testcase status="7" exitcode="0" detail="" time="0" memory="1684" score="10"/><testcase status="7" exitcode="0" detail="" time="0" memory="1684" score="10"/><testcase status="7" exitcode="0" detail="" time="0" memory="1684" score="10"/><testcase status="7" exitcode="0" detail="" time="0" memory="1684" score="10"/><testcase status="7" exitcode="0" detail="" time="0" memory="1684" score="10"/><testcase status="7" exitcode="0" detail="" time="0.03" memory="1684" score="10"/><testcase status="7" exitcode="0" detail="" time="0.03" memory="1684" score="10"/></problem></result></cena>
