<?xml version="1.0"?>
<cena version="0.5.2"><result judgetime="39624.5059772801"><problem title="num" filename="num\num.exe" status="1" hash="3837914914"><testcase status="3" exitcode="1" detail="" time="1.03125" memory="-1" score="0"/><testcase status="3" exitcode="1" detail="" time="1.0625" memory="-1" score="0"/><testcase status="3" exitcode="1" detail="" time="1.0625" memory="-1" score="0"/><testcase status="3" exitcode="1" detail="" time="1.046875" memory="-1" score="0"/><testcase status="3" exitcode="1" detail="" time="1.015625" memory="-1" score="0"/><testcase status="3" exitcode="1" detail="" time="1.03125" memory="-1" score="0"/><testcase status="3" exitcode="1" detail="" time="1.078125" memory="-1" score="0"/><testcase status="3" exitcode="1" detail="" time="1.015625" memory="-1" score="0"/><testcase status="3" exitcode="1" detail="" time="1.046875" memory="-1" score="0"/><testcase status="3" exitcode="1" detail="" time="1.046875" memory="-1" score="0"/></problem><problem title="land" filename="" status="14" hash="0"><testcase status="14" exitcode="0" detail="" time="0" memory="0" score="0"/><testcase status="14" exitcode="0" detail="" time="0" memory="0" score="0"/><testcase status="14" exitcode="0" detail="" time="0" memory="0" score="0"/><testcase status="14" exitcode="0" detail="" time="0" memory="0" score="0"/><testcase status="14" exitcode="0" detail="" time="0" memory="0" score="0"/><testcase status="14" exitcode="0" detail="" time="0" memory="0" score="0"/><testcase status="14" exitcode="0" detail="" time="0" memory="0" score="0"/><testcase status="14" exitcode="0" detail="" time="0" memory="0" score="0"/><testcase status="14" exitcode="0" detail="" time="0" memory="0" score="0"/><testcase status="14" exitcode="0" detail="" time="0" memory="0" score="0"/></problem><problem title="reward" filename="reward\reward.exe" status="1" hash="3911331643"><testcase status="3" exitcode="1" detail="" time="1.046875" memory="-1" score="0"/><testcase status="3" exitcode="1" detail="" time="1.109375" memory="-1" score="0"/><testcase status="3" exitcode="1" detail="" time="1.046875" memory="-1" score="0"/><testcase status="3" exitcode="1" detail="" time="1.0625" memory="-1" score="0"/><testcase status="3" exitcode="1" detail="" time="1.0625" memory="-1" score="0"/></problem><problem title="work" filename="" status="14" hash="0"><testcase status="14" exitcode="0" detail="" time="0" memory="0" score="0"/><testcase status="14" exitcode="0" detail="" time="0" memory="0" score="0"/><testcase status="14" exitcode="0" detail="" time="0" memory="0" score="0"/><testcase status="14" exitcode="0" detail="" time="0" memory="0" score="0"/><testcase status="14" exitcode="0" detail="" time="0" memory="0" score="0"/><testcase status="14" exitcode="0" detail="" time="0" memory="0" score="0"/><testcase status="14" exitcode="0" detail="" time="0" memory="0" score="0"/><testcase status="14" exitcode="0" detail="" time="0" memory="0" score="0"/><testcase status="14" exitcode="0" detail="" time="0" memory="0" score="0"/><testcase status="14" exitcode="0" detail="" time="0" memory="0" score="0"/></problem></result></cena>
