<?xml version="1.0"?>
<cena version="0.5.2"><result judgetime="39624.5019366667"><problem title="num" filename="num\num.exe" status="1" hash="925833226"><testcase status="3" exitcode="1" detail="" time="1.25" memory="-1" score="0"/><testcase status="7" exitcode="0" detail="" time="0.01" memory="-1" score="10"/><testcase status="7" exitcode="0" detail="" time="0.01" memory="-1" score="10"/><testcase status="7" exitcode="0" detail="" time="0.04" memory="-1" score="10"/><testcase status="7" exitcode="0" detail="" time="0.03" memory="-1" score="10"/><testcase status="7" exitcode="0" detail="" time="0.01" memory="-1" score="10"/><testcase status="7" exitcode="0" detail="" time="0.01" memory="-1" score="10"/><testcase status="7" exitcode="0" detail="" time="0.06" memory="-1" score="10"/><testcase status="3" exitcode="1" detail="" time="1.234375" memory="-1" score="0"/><testcase status="7" exitcode="0" detail="" time="0.04" memory="-1" score="10"/></problem><problem title="land" filename="land\land.exe" status="1" hash="1486642081"><testcase status="7" exitcode="0" detail="" time="0.06" memory="-1" score="10"/><testcase status="7" exitcode="0" detail="" time="0.03" memory="-1" score="10"/><testcase status="7" exitcode="0" detail="" time="0.06" memory="-1" score="10"/><testcase status="7" exitcode="0" detail="" time="0.06" memory="-1" score="10"/><testcase status="7" exitcode="0" detail="" time="0.03" memory="-1" score="10"/><testcase status="7" exitcode="0" detail="" time="0.15" memory="-1" score="10"/><testcase status="7" exitcode="0" detail="" time="0.21" memory="-1" score="10"/><testcase status="7" exitcode="0" detail="" time="0.06" memory="-1" score="10"/><testcase status="7" exitcode="0" detail="" time="0.07" memory="-1" score="10"/><testcase status="7" exitcode="0" detail="" time="0.18" memory="-1" score="10"/></problem><problem title="reward" filename="reward\reward.exe" status="1" hash="1814746684"><testcase status="7" exitcode="0" detail="" time="0.03" memory="-1" score="20"/><testcase status="7" exitcode="0" detail="" time="0.07" memory="-1" score="20"/><testcase status="7" exitcode="0" detail="" time="0.01" memory="-1" score="20"/><testcase status="7" exitcode="0" detail="" time="0.06" memory="-1" score="20"/><testcase status="7" exitcode="0" detail="" time="0.1" memory="-1" score="20"/></problem><problem title="work" filename="work\work.exe" status="1" hash="4219836393"><testcase status="3" exitcode="1" detail="" time="1.09375" memory="-1" score="0"/><testcase status="8" exitcode="0" detail="&#x5728;&#x7B2C; 1 &#x884C;:&#13;&#10;----&#x9009;&#x624B;&#x8F93;&#x51FA;&#x7684;&#x7B2C; 2 &#x5217;----&#13;&#10;&gt;...6&#13;&#10;----&#x6807;&#x51C6;&#x8F93;&#x51FA;&#x7684;&#x7B2C; 2 &#x5217;----&#13;&#10;&gt;...5" time="0.03" memory="-1" score="0"/><testcase status="7" exitcode="0" detail="" time="0.03" memory="-1" score="10"/><testcase status="7" exitcode="0" detail="" time="0.06" memory="-1" score="10"/><testcase status="8" exitcode="0" detail="&#x5728;&#x7B2C; 1 &#x884C;:&#13;&#10;----&#x9009;&#x624B;&#x8F93;&#x51FA;&#x7684;&#x7B2C; 2 &#x5217;----&#13;&#10;&gt;...85&#13;&#10;----&#x6807;&#x51C6;&#x8F93;&#x51FA;&#x7684;&#x7B2C; 2 &#x5217;----&#13;&#10;&gt;...72" time="0.04" memory="-1" score="0"/><testcase status="7" exitcode="0" detail="" time="0.03" memory="-1" score="10"/><testcase status="8" exitcode="0" detail="&#x5728;&#x7B2C; 1 &#x884C;:&#13;&#10;----&#x9009;&#x624B;&#x8F93;&#x51FA;&#x7684;&#x7B2C; 2 &#x5217;----&#13;&#10;&gt;...10&#13;&#10;----&#x6807;&#x51C6;&#x8F93;&#x51FA;&#x7684;&#x7B2C; 2 &#x5217;----&#13;&#10;&gt;...09" time="0.04" memory="-1" score="0"/><testcase status="8" exitcode="0" detail="&#x5728;&#x7B2C; 1 &#x884C;:&#13;&#10;----&#x9009;&#x624B;&#x8F93;&#x51FA;&#x7684;&#x7B2C; 3 &#x5217;----&#13;&#10;&gt;...0&#13;&#10;----&#x6807;&#x51C6;&#x8F93;&#x51FA;&#x7684;&#x7B2C; 3 &#x5217;----&#13;&#10;&gt;...2" time="0.07" memory="-1" score="0"/><testcase status="3" exitcode="1" detail="" time="1.109375" memory="-1" score="0"/><testcase status="3" exitcode="1" detail="" time="1.046875" memory="-1" score="0"/></problem></result></cena>
