<?xml version="1.0"?>
<cena version="0.5.2"><result judgetime="39624.5062471065"><problem title="num" filename="num\num.exe" status="1" hash="506193507"><testcase status="7" exitcode="0" detail="" time="0.06" memory="-1" score="10"/><testcase status="7" exitcode="0" detail="" time="0.01" memory="-1" score="10"/><testcase status="7" exitcode="0" detail="" time="0.06" memory="-1" score="10"/><testcase status="7" exitcode="0" detail="" time="0.03" memory="-1" score="10"/><testcase status="7" exitcode="0" detail="" time="0.03" memory="-1" score="10"/><testcase status="7" exitcode="0" detail="" time="0.04" memory="-1" score="10"/><testcase status="7" exitcode="0" detail="" time="0.01" memory="-1" score="10"/><testcase status="7" exitcode="0" detail="" time="0.06" memory="-1" score="10"/><testcase status="7" exitcode="0" detail="" time="0.03" memory="-1" score="10"/><testcase status="7" exitcode="0" detail="" time="0.04" memory="-1" score="10"/></problem><problem title="land" filename="land\land.exe" status="1" hash="508334934"><testcase status="7" exitcode="0" detail="" time="0.07" memory="-1" score="10"/><testcase status="7" exitcode="0" detail="" time="0.01" memory="-1" score="10"/><testcase status="7" exitcode="0" detail="" time="0.01" memory="-1" score="10"/><testcase status="7" exitcode="0" detail="" time="0.01" memory="-1" score="10"/><testcase status="7" exitcode="0" detail="" time="0.04" memory="-1" score="10"/><testcase status="7" exitcode="0" detail="" time="0.01" memory="-1" score="10"/><testcase status="7" exitcode="0" detail="" time="0.04" memory="-1" score="10"/><testcase status="7" exitcode="0" detail="" time="0.03" memory="-1" score="10"/><testcase status="7" exitcode="0" detail="" time="0.03" memory="-1" score="10"/><testcase status="7" exitcode="0" detail="" time="0.09" memory="-1" score="10"/></problem><problem title="reward" filename="reward\reward.exe" status="1" hash="115463721"><testcase status="7" exitcode="0" detail="" time="0.03" memory="-1" score="20"/><testcase status="7" exitcode="0" detail="" time="0.04" memory="-1" score="20"/><testcase status="7" exitcode="0" detail="" time="0.04" memory="-1" score="20"/><testcase status="7" exitcode="0" detail="" time="0.04" memory="-1" score="20"/><testcase status="7" exitcode="0" detail="" time="0.09" memory="-1" score="20"/></problem><problem title="work" filename="work\work.exe" status="1" hash="722088565"><testcase status="8" exitcode="201" detail="&#x6807;&#x51C6;&#x8F93;&#x51FA;&#x6BD4;&#x9009;&#x624B;&#x8F93;&#x51FA;&#x957F;&#x3002;" time="0.01" memory="-1" score="0"/><testcase status="7" exitcode="0" detail="" time="0.04" memory="-1" score="10"/><testcase status="8" exitcode="0" detail="&#x5728;&#x7B2C; 1 &#x884C;:&#13;&#10;----&#x9009;&#x624B;&#x8F93;&#x51FA;&#x7684;&#x7B2C; 1 &#x5217;----&#13;&#10;&gt;214748...&#13;&#10;----&#x6807;&#x51C6;&#x8F93;&#x51FA;&#x7684;&#x7B2C; 1 &#x5217;----&#13;&#10;&gt;45" time="0.01" memory="-1" score="0"/><testcase status="7" exitcode="0" detail="" time="0.01" memory="-1" score="10"/><testcase status="8" exitcode="0" detail="&#x5728;&#x7B2C; 1 &#x884C;:&#13;&#10;----&#x9009;&#x624B;&#x8F93;&#x51FA;&#x7684;&#x7B2C; 1 &#x5217;----&#13;&#10;&gt;214748...&#13;&#10;----&#x6807;&#x51C6;&#x8F93;&#x51FA;&#x7684;&#x7B2C; 1 &#x5217;----&#13;&#10;&gt;172" time="0.04" memory="-1" score="0"/><testcase status="3" exitcode="1" detail="" time="1.0625" memory="-1" score="0"/><testcase status="3" exitcode="1" detail="" time="1.078125" memory="-1" score="0"/><testcase status="3" exitcode="1" detail="" time="1.0625" memory="-1" score="0"/><testcase status="8" exitcode="201" detail="&#x6807;&#x51C6;&#x8F93;&#x51FA;&#x6BD4;&#x9009;&#x624B;&#x8F93;&#x51FA;&#x957F;&#x3002;" time="0.04" memory="-1" score="0"/><testcase status="8" exitcode="201" detail="&#x6807;&#x51C6;&#x8F93;&#x51FA;&#x6BD4;&#x9009;&#x624B;&#x8F93;&#x51FA;&#x957F;&#x3002;" time="0.04" memory="-1" score="0"/></problem></result></cena>
