<?xml version="1.0"?>
<cena version="0.5.2"><result judgetime="39624.5050446644"><problem title="num" filename="num\num.exe" status="1" hash="3074751782"><testcase status="3" exitcode="1" detail="" time="1.109375" memory="-1" score="0"/><testcase status="3" exitcode="1" detail="" time="1.75" memory="-1" score="0"/><testcase status="3" exitcode="1" detail="" time="1.265625" memory="-1" score="0"/><testcase status="3" exitcode="1" detail="" time="1.265625" memory="-1" score="0"/><testcase status="3" exitcode="1" detail="" time="1.09375" memory="-1" score="0"/><testcase status="3" exitcode="1" detail="" time="1.421875" memory="-1" score="0"/><testcase status="3" exitcode="1" detail="" time="1.265625" memory="-1" score="0"/><testcase status="3" exitcode="1" detail="" time="1.453125" memory="-1" score="0"/><testcase status="3" exitcode="1" detail="" time="1.609375" memory="-1" score="0"/><testcase status="3" exitcode="1" detail="" time="1.046875" memory="-1" score="0"/></problem><problem title="land" filename="land\land.exe" status="1" hash="2366183540"><testcase status="5" exitcode="2" detail="" time="0.03" memory="-1" score="0"/><testcase status="5" exitcode="2" detail="" time="0.01" memory="-1" score="0"/><testcase status="5" exitcode="2" detail="" time="0.01" memory="-1" score="0"/><testcase status="5" exitcode="2" detail="" time="0.01" memory="-1" score="0"/><testcase status="5" exitcode="2" detail="" time="0.03" memory="-1" score="0"/><testcase status="5" exitcode="2" detail="" time="0.01" memory="-1" score="0"/><testcase status="5" exitcode="2" detail="" time="0.01" memory="-1" score="0"/><testcase status="5" exitcode="2" detail="" time="0.04" memory="-1" score="0"/><testcase status="5" exitcode="2" detail="" time="0.04" memory="-1" score="0"/><testcase status="5" exitcode="2" detail="" time="0.03" memory="-1" score="0"/></problem><problem title="reward" filename="reward\reward.exe" status="1" hash="566353975"><testcase status="5" exitcode="255" detail="" time="0.03" memory="-1" score="0"/><testcase status="5" exitcode="255" detail="" time="0.01" memory="-1" score="0"/><testcase status="5" exitcode="255" detail="" time="0.01" memory="-1" score="0"/><testcase status="5" exitcode="255" detail="" time="0.04" memory="-1" score="0"/><testcase status="5" exitcode="255" detail="" time="0.01" memory="-1" score="0"/></problem><problem title="work" filename="work\work.exe" status="1" hash="3652549465"><testcase status="5" exitcode="2" detail="" time="0.07" memory="-1" score="0"/><testcase status="5" exitcode="2" detail="" time="0.01" memory="-1" score="0"/><testcase status="5" exitcode="2" detail="" time="0.03" memory="-1" score="0"/><testcase status="5" exitcode="2" detail="" time="0.04" memory="-1" score="0"/><testcase status="5" exitcode="2" detail="" time="0.01" memory="-1" score="0"/><testcase status="5" exitcode="2" detail="" time="0.06" memory="-1" score="0"/><testcase status="5" exitcode="2" detail="" time="0.06" memory="-1" score="0"/><testcase status="5" exitcode="2" detail="" time="0.03" memory="-1" score="0"/><testcase status="5" exitcode="2" detail="" time="0.04" memory="-1" score="0"/><testcase status="5" exitcode="2" detail="" time="0.01" memory="-1" score="0"/></problem></result></cena>
